campaign_id,channel,spend,impressions,clicks,first_touch_revenue,last_touch_revenue,linear_revenue,position_revenue,ctr,cpc,roas_last_touch
DISPLAY-Prospecting,Display,409406.36,31481723,302972,17333.62,12411.43,13467.842,14354.047666666667,0.009623742639499114,1.3513009783082264,0.030315674627038037
DISPLAY-Retargeting,Display,411189.93,45401262,457351,13728.8,22347.94,19558.592833333332,18728.449333333334,0.010073530555163863,0.899068614696371,0.05434943409241564
EMAIL-Nurture,Email,204134.72,19023971,1134599,22087.09,23273.63,23573.805333333334,23049.949333333334,0.05964049251336643,0.17991794457777593,0.11401112951290207
EMAIL-Reactivation,Email,204076.9,16108638,931609,28595.22,19020.18,22009.92033333333,23047.196666666667,0.057832884443737576,0.2190585320665644,0.09320104333219488
META-Prospecting,Paid Social,557772.38,27171620,485752,42071.91,31771.44,36895.352,36944.831333333335,0.01787718214813839,1.148265740542499,0.05696130023505287
META-Retargeting,Paid Social,552432.58,39093658,735289,33031.87,41372.3,43875.694833333335,39477.29,0.018808395980749616,0.751313537942224,0.07489112970129315
PS-Brand,Paid Search,675091.96,17051238,796452,45665.76,49318.71,47150.22233333333,47285.89566666667,0.0467093357092312,0.8476241631636307,0.07305480278568272
PS-NonBrand,Paid Search,678972.25,14200425,643211,49092.19,48569.79,49923.299,49599.50666666667,0.045295193629768124,1.0555980074967624,0.07153427846277959
REF-Customer,Referral,167192.53,49322947,1389894,27548.85,36456.98,32386.958666666666,31880.521,0.028179459755314298,0.120291568997348,0.2180538807565147
REF-Partner,Referral,167710.24,20270139,558964,24101.75,17203.37,18735.3605,20037.535,0.02757573591379911,0.30003764106454084,0.10257793441831578
SEO-Content,Organic Search,112861.89,41221723,1409137,25514.41,33293.62,27544.034,28729.287,0.03418433043179685,0.08009291502529563,0.29499435106039784
SEO-Product,Organic Search,112805.14,54020441,1884975,31875.989999999998,25608.07,25526.378166666665,27512.950333333334,0.03489373587305591,0.05984436928871736,0.2270115528423616
