conversion_id,customer_id,conversion_timestamp,segment,revenue
1,7,2025-12-12 16:31:00,Startup,798.94
2,10,2026-09-15 05:05:00,Freelancer,164.97
3,28,2025-11-01 18:00:00,Freelancer,132.2
4,30,2026-07-24 10:20:00,SMB,820.52
5,65,2026-04-15 17:29:00,Freelancer,80.0
6,75,2026-07-20 07:01:00,Startup,862.33
7,77,2026-03-23 11:53:00,SMB,419.15
8,79,2026-06-05 09:22:00,Startup,377.97
9,84,2026-09-04 21:04:00,SMB,205.84
10,106,2026-01-14 09:22:00,Startup,531.1
11,118,2026-08-03 04:08:00,Freelancer,288.5
12,125,2026-04-15 09:47:00,Startup,599.68
13,145,2025-12-07 15:21:00,SMB,370.37
14,149,2025-11-12 19:33:00,SMB,613.43
15,150,2026-08-31 15:49:00,SMB,399.38
16,169,2026-05-05 07:00:00,Startup,820.64
17,170,2026-08-19 19:49:00,Startup,773.56
18,175,2026-05-20 09:05:00,SMB,243.5
19,178,2025-11-22 23:00:00,Startup,716.11
20,184,2026-04-23 08:42:00,Freelancer,245.43
21,185,2025-11-02 20:07:00,SMB,385.12
22,186,2026-07-05 15:24:00,SMB,294.24
23,197,2026-04-23 18:18:00,Startup,447.89
24,198,2026-08-20 05:51:00,Freelancer,178.91
25,205,2025-12-13 06:47:00,Startup,704.3
26,212,2026-07-14 21:40:00,SMB,407.51
27,218,2026-05-09 19:59:00,SMB,482.72
28,233,2026-02-03 19:19:00,Startup,314.66
29,235,2026-01-05 19:32:00,SMB,755.01
30,238,2025-12-21 03:43:00,Startup,905.69
31,241,2025-11-05 15:50:00,SMB,470.21
32,250,2026-07-13 17:13:00,SMB,371.11
33,257,2025-12-03 01:01:00,SMB,488.94
34,261,2025-10-30 18:12:00,Startup,470.58
35,267,2025-11-08 15:30:00,Startup,820.2
36,284,2026-07-25 18:56:00,SMB,591.28
37,314,2026-03-20 17:32:00,Freelancer,258.42
38,315,2026-03-16 20:29:00,SMB,240.89
39,317,2026-07-13 03:11:00,Startup,868.52
40,321,2026-03-11 07:18:00,Startup,683.56
41,339,2026-07-02 08:43:00,Startup,909.67
42,349,2026-04-08 23:46:00,Startup,381.15
43,350,2026-09-25 02:58:00,SMB,355.18
44,354,2026-01-01 00:20:00,SMB,336.79
45,360,2026-06-07 08:55:00,Freelancer,213.74
46,361,2026-01-29 12:40:00,SMB,520.12
47,364,2026-03-13 02:02:00,SMB,368.11
48,369,2025-12-08 11:08:00,SMB,416.31
49,387,2026-08-13 17:59:00,SMB,203.6
50,389,2026-02-04 06:11:00,SMB,450.3
51,391,2026-03-18 00:20:00,Freelancer,154.21
52,395,2026-09-27 12:38:00,Startup,825.45
53,423,2026-04-19 00:39:00,SMB,644.72
54,430,2026-08-05 09:28:00,SMB,211.09
55,442,2026-05-05 10:31:00,SMB,999.86
56,452,2025-12-11 14:18:00,SMB,411.37
57,453,2025-12-21 17:29:00,SMB,275.76
58,456,2025-12-31 12:03:00,Startup,326.52
59,458,2025-12-12 15:18:00,SMB,243.87
60,461,2026-08-11 08:48:00,SMB,530.18
61,466,2026-03-21 04:15:00,SMB,403.42
62,467,2026-04-23 18:24:00,Startup,676.95
63,479,2026-08-16 09:40:00,Freelancer,316.48
64,481,2026-09-17 05:52:00,Startup,418.79
65,495,2026-08-01 22:16:00,SMB,416.02
66,496,2026-09-17 10:42:00,Startup,767.87
67,506,2025-10-23 10:42:00,SMB,602.53
68,516,2026-08-09 17:56:00,SMB,321.33
69,522,2025-11-07 11:59:00,Startup,570.14
70,530,2026-05-22 07:40:00,SMB,403.52
71,531,2026-03-17 01:19:00,Startup,697.99
72,533,2026-06-19 02:20:00,Startup,634.24
73,535,2026-07-23 02:56:00,Startup,554.7
74,539,2026-07-12 19:48:00,SMB,213.58
75,540,2026-02-02 22:11:00,SMB,539.84
76,552,2026-04-18 00:13:00,SMB,339.83
77,557,2026-09-11 06:27:00,SMB,497.12
78,564,2026-08-29 23:18:00,SMB,312.76
79,572,2026-08-23 12:31:00,Freelancer,225.28
80,584,2026-07-18 18:42:00,Freelancer,295.39
81,588,2026-02-16 22:09:00,Startup,387.11
82,595,2026-01-17 19:19:00,Startup,518.01
83,600,2026-02-10 18:45:00,SMB,204.02
84,629,2025-12-13 18:04:00,Startup,1133.07
85,638,2026-05-08 04:03:00,SMB,576.99
86,639,2026-08-19 15:56:00,Freelancer,296.62
87,646,2026-04-26 22:37:00,SMB,464.12
88,648,2026-09-12 14:56:00,Startup,791.43
89,654,2025-12-24 22:09:00,SMB,402.72
90,657,2026-06-09 00:36:00,SMB,545.1
91,672,2026-01-20 22:47:00,Freelancer,167.22
92,678,2026-05-31 05:25:00,SMB,367.43
93,679,2026-04-22 15:05:00,SMB,453.31
94,701,2026-09-16 06:48:00,SMB,454.6
95,705,2025-11-21 11:14:00,Freelancer,229.6
96,713,2026-07-22 00:13:00,SMB,436.77
97,715,2026-06-25 06:30:00,SMB,241.37
98,724,2025-12-20 14:29:00,SMB,405.27
99,742,2026-06-19 03:44:00,SMB,457.89
100,745,2026-08-24 18:35:00,Startup,259.43
101,747,2026-06-16 04:32:00,Freelancer,198.37
102,753,2026-07-26 18:18:00,Startup,508.49
103,755,2025-11-13 16:16:00,SMB,326.78
104,774,2026-01-28 18:17:00,SMB,913.37
105,798,2026-07-08 18:35:00,SMB,330.04
106,810,2025-12-15 01:45:00,Startup,1202.37
107,811,2026-07-14 15:30:00,Startup,677.03
108,820,2026-07-30 22:34:00,Freelancer,137.59
109,823,2025-11-19 04:12:00,SMB,330.39
110,824,2026-04-20 07:00:00,SMB,377.47
111,826,2026-05-14 06:37:00,Startup,531.46
112,827,2026-02-21 18:39:00,Startup,823.06
113,836,2026-04-28 12:54:00,SMB,301.07
114,846,2026-08-02 08:09:00,SMB,570.32
115,858,2026-07-07 21:14:00,Startup,858.44
116,862,2026-07-26 09:30:00,Startup,512.67
117,868,2026-05-15 09:01:00,SMB,488.98
118,882,2026-06-23 06:03:00,Startup,596.07
119,895,2026-01-15 07:22:00,Freelancer,204.4
120,896,2026-04-21 20:53:00,SMB,542.89
121,913,2026-07-26 18:57:00,SMB,421.94
122,914,2026-03-22 20:13:00,Startup,474.26
123,922,2026-02-11 14:22:00,SMB,863.63
124,923,2026-04-24 04:43:00,Freelancer,447.85
125,946,2026-01-23 12:49:00,SMB,270.4
126,947,2026-08-20 10:17:00,SMB,191.84
127,953,2026-02-08 05:31:00,Startup,660.67
128,985,2026-09-19 14:42:00,Freelancer,506.14
129,1004,2025-12-10 05:01:00,Freelancer,265.17
130,1030,2026-06-17 03:25:00,Freelancer,164.56
131,1040,2026-04-07 08:55:00,SMB,477.16
132,1041,2026-02-10 16:40:00,SMB,361.95
133,1049,2026-02-23 05:44:00,Freelancer,215.26
134,1052,2026-01-05 09:43:00,SMB,364.67
135,1058,2025-10-30 07:38:00,SMB,253.29
136,1061,2026-01-15 01:42:00,Freelancer,509.71
137,1063,2025-12-12 22:23:00,Startup,566.76
138,1070,2026-08-01 04:04:00,Startup,700.07
139,1072,2026-02-14 06:57:00,Startup,619.19
140,1076,2026-09-07 15:42:00,SMB,304.85
141,1085,2026-01-14 06:09:00,Startup,632.8
142,1089,2026-03-24 23:48:00,SMB,334.29
143,1090,2026-05-28 15:27:00,SMB,485.12
144,1110,2026-08-31 05:50:00,SMB,231.47
145,1119,2026-05-09 15:41:00,SMB,163.86
146,1123,2026-02-18 10:42:00,SMB,954.68
147,1124,2026-06-24 20:48:00,SMB,474.66
148,1136,2025-12-14 23:25:00,Startup,524.35
149,1140,2025-12-22 21:27:00,Startup,581.09
150,1142,2026-05-31 14:33:00,Freelancer,263.14
151,1150,2026-05-11 00:38:00,Startup,523.49
152,1151,2025-11-29 03:59:00,Startup,750.72
153,1163,2025-11-29 19:16:00,SMB,302.45
154,1169,2025-12-15 10:46:00,Freelancer,343.2
155,1185,2026-03-11 20:37:00,Freelancer,144.73
156,1188,2026-05-06 14:50:00,SMB,1579.83
157,1201,2026-04-29 19:30:00,SMB,427.96
158,1202,2026-08-20 16:40:00,Startup,622.46
159,1215,2025-10-13 02:24:00,Startup,714.65
160,1218,2026-01-06 10:33:00,Startup,474.4
161,1219,2026-06-29 13:21:00,Startup,857.61
162,1220,2025-11-16 15:18:00,SMB,471.25
163,1252,2026-06-27 12:34:00,SMB,272.06
164,1261,2026-06-09 14:40:00,Startup,928.95
165,1277,2026-07-13 09:11:00,Startup,343.57
166,1286,2026-02-11 19:31:00,SMB,425.48
167,1291,2025-12-13 13:03:00,Startup,981.78
168,1299,2025-10-27 17:51:00,SMB,632.08
169,1300,2025-11-30 11:00:00,SMB,491.45
170,1303,2026-02-16 16:48:00,Startup,1672.08
171,1306,2026-06-24 06:05:00,Startup,985.1
172,1315,2026-01-20 11:01:00,SMB,596.26
173,1317,2026-07-31 05:03:00,Startup,788.16
174,1319,2026-08-28 05:03:00,SMB,570.68
175,1327,2026-02-23 07:44:00,Startup,753.85
176,1331,2025-10-23 01:23:00,SMB,714.63
177,1361,2026-06-06 07:23:00,Startup,524.26
178,1367,2025-11-28 11:43:00,Startup,1104.09
179,1368,2026-09-26 05:00:00,Startup,1104.44
180,1376,2026-07-22 01:52:00,SMB,310.72
181,1381,2025-12-28 08:48:00,SMB,671.61
182,1387,2026-09-24 13:37:00,Startup,605.09
183,1388,2025-12-24 17:44:00,SMB,254.79
184,1409,2026-06-10 09:05:00,SMB,438.49
185,1419,2026-05-01 06:18:00,Startup,641.87
186,1445,2026-03-28 10:22:00,Startup,769.68
187,1454,2026-01-18 18:52:00,SMB,513.87
188,1457,2026-06-22 03:29:00,Startup,412.19
189,1474,2026-02-21 12:35:00,Startup,385.44
190,1475,2026-07-16 21:56:00,SMB,200.39
191,1526,2026-02-27 09:40:00,SMB,639.13
192,1530,2026-04-02 18:35:00,Startup,465.9
193,1531,2026-02-16 05:11:00,SMB,321.12
194,1540,2025-12-19 05:23:00,SMB,306.12
195,1544,2026-03-28 16:51:00,Freelancer,270.21
196,1553,2026-08-19 09:36:00,SMB,492.17
197,1556,2026-08-03 15:25:00,Freelancer,359.08
198,1558,2025-12-29 18:04:00,SMB,328.01
199,1563,2025-12-14 11:47:00,Freelancer,252.23
200,1572,2026-07-20 14:10:00,Startup,548.81
201,1578,2026-07-30 17:32:00,Startup,649.89
202,1579,2025-12-11 04:17:00,Startup,310.27
203,1582,2025-10-30 16:33:00,SMB,144.05
204,1584,2026-05-27 18:38:00,Startup,652.22
205,1586,2025-11-07 04:00:00,Startup,716.67
206,1590,2026-07-26 18:22:00,SMB,297.25
207,1594,2025-12-24 10:48:00,Freelancer,185.06
208,1607,2026-01-08 10:33:00,SMB,426.03
209,1610,2026-05-29 20:51:00,Freelancer,262.32
210,1612,2025-12-15 22:07:00,SMB,250.51
211,1621,2026-02-24 17:02:00,Startup,683.22
212,1632,2026-04-22 19:56:00,SMB,615.7
213,1645,2026-07-28 22:23:00,Startup,661.78
214,1658,2026-07-16 11:55:00,Startup,688.27
215,1666,2026-01-13 22:10:00,Freelancer,311.55
216,1670,2025-12-25 01:19:00,SMB,370.51
217,1672,2026-02-01 02:23:00,SMB,853.1
218,1684,2026-04-10 12:56:00,Startup,1048.88
219,1696,2026-09-07 18:45:00,Startup,492.02
220,1698,2026-04-07 23:25:00,SMB,884.69
221,1699,2026-05-15 22:33:00,SMB,255.26
222,1701,2026-08-21 05:31:00,Startup,908.08
223,1736,2026-01-29 06:33:00,Startup,691.52
224,1740,2026-03-22 07:46:00,SMB,327.88
225,1742,2026-01-22 20:46:00,SMB,641.9
226,1758,2026-06-24 16:49:00,Freelancer,164.03
227,1763,2026-04-04 09:44:00,SMB,937.98
228,1769,2025-12-24 22:55:00,SMB,374.71
229,1775,2026-02-22 23:40:00,Startup,1098.41
230,1777,2026-06-04 09:22:00,SMB,885.6
231,1779,2026-01-26 23:37:00,SMB,541.66
232,1780,2026-09-06 03:28:00,Startup,266.8
233,1781,2026-01-04 07:59:00,Startup,494.32
234,1788,2026-03-24 00:26:00,SMB,401.41
235,1789,2025-11-16 05:37:00,Freelancer,368.7
236,1792,2025-11-28 11:07:00,SMB,609.34
237,1794,2025-11-01 17:52:00,Startup,819.45
238,1795,2026-06-29 02:19:00,SMB,485.48
239,1797,2026-01-17 13:59:00,Startup,849.26
240,1801,2025-12-27 14:55:00,Startup,705.87
241,1805,2025-10-26 08:56:00,Startup,988.92
242,1806,2026-03-14 09:41:00,Freelancer,348.39
243,1807,2026-09-28 18:26:00,SMB,413.14
244,1808,2026-02-06 05:49:00,Startup,838.4
245,1809,2026-07-26 15:29:00,SMB,441.82
246,1812,2026-09-15 04:26:00,Freelancer,209.29
247,1813,2025-12-12 09:58:00,SMB,211.36
248,1822,2026-03-03 17:47:00,Startup,881.01
249,1825,2025-11-29 07:10:00,SMB,219.31
250,1840,2026-02-10 15:26:00,Startup,1803.58
251,1845,2026-01-21 15:44:00,SMB,211.65
252,1852,2026-01-10 03:27:00,SMB,499.35
253,1855,2026-06-06 20:14:00,Startup,668.4
254,1873,2026-09-25 00:14:00,Freelancer,307.48
255,1881,2026-08-31 02:44:00,SMB,149.16
256,1883,2026-08-31 09:43:00,Startup,309.05
257,1890,2026-07-10 09:47:00,SMB,611.96
258,1906,2026-01-11 10:12:00,Freelancer,264.34
259,1926,2026-03-08 02:55:00,Startup,731.27
260,1940,2026-09-15 04:13:00,Startup,878.38
261,1951,2026-04-25 11:16:00,Startup,610.42
262,1954,2025-12-30 19:18:00,Startup,817.18
263,1956,2026-05-16 01:21:00,Startup,871.17
264,1960,2026-01-26 08:19:00,Freelancer,305.77
265,1970,2026-02-23 09:45:00,Freelancer,204.13
266,1971,2026-04-05 04:01:00,Freelancer,227.73
267,1973,2026-06-14 06:36:00,SMB,524.12
268,1976,2026-05-19 00:41:00,Startup,348.43
269,1981,2026-09-13 12:25:00,Freelancer,218.69
270,1991,2026-07-12 11:17:00,Freelancer,270.01
271,1994,2026-01-23 20:34:00,SMB,322.84
272,1995,2025-11-09 12:54:00,Startup,682.91
273,1998,2026-06-10 01:58:00,Freelancer,127.77
274,2000,2026-03-06 19:23:00,Freelancer,330.53
275,2015,2025-12-12 12:29:00,SMB,587.8
276,2016,2026-06-18 00:38:00,SMB,374.32
277,2019,2026-01-20 10:29:00,Startup,1055.1
278,2025,2026-05-13 07:25:00,Startup,948.81
279,2033,2026-08-04 17:44:00,Startup,672.59
280,2036,2026-09-08 12:52:00,Startup,1160.27
281,2037,2026-04-03 11:16:00,SMB,316.91
282,2038,2026-03-07 21:34:00,SMB,385.13
283,2042,2026-07-30 16:54:00,SMB,611.25
284,2043,2026-01-14 06:02:00,SMB,585.12
285,2052,2026-06-14 21:56:00,Freelancer,191.1
286,2062,2025-11-29 22:34:00,Startup,480.97
287,2064,2026-01-01 13:58:00,Startup,579.74
288,2066,2026-08-29 23:15:00,Startup,430.54
289,2069,2025-11-23 21:15:00,SMB,547.41
290,2071,2026-07-24 17:12:00,SMB,1027.71
291,2074,2025-11-27 07:59:00,SMB,309.42
292,2075,2026-04-24 14:01:00,SMB,353.78
293,2078,2026-03-16 02:56:00,SMB,333.72
294,2085,2025-11-27 19:31:00,Startup,615.14
295,2099,2025-12-12 20:37:00,SMB,251.34
296,2105,2026-01-25 13:12:00,SMB,445.99
297,2110,2026-06-13 17:13:00,Startup,321.75
298,2111,2026-09-14 16:39:00,Startup,457.94
299,2112,2026-06-27 00:58:00,SMB,476.87
300,2115,2026-09-20 00:55:00,Startup,588.4
301,2120,2026-07-05 03:05:00,SMB,717.13
302,2136,2026-01-04 20:04:00,SMB,597.57
303,2174,2026-08-16 06:24:00,SMB,279.92
304,2175,2026-03-05 14:52:00,Startup,492.18
305,2177,2026-09-06 17:45:00,Freelancer,316.56
306,2179,2026-01-24 01:38:00,SMB,484.61
307,2181,2026-03-12 09:31:00,SMB,552.66
308,2187,2026-07-28 18:10:00,Startup,567.18
309,2226,2025-11-14 08:18:00,Freelancer,201.66
310,2231,2026-05-10 15:38:00,SMB,355.61
311,2239,2026-02-11 02:23:00,SMB,1543.08
312,2249,2025-12-28 11:01:00,SMB,410.71
313,2251,2026-03-04 08:32:00,SMB,388.88
314,2260,2026-06-06 01:01:00,SMB,427.94
315,2264,2026-06-19 12:39:00,Startup,352.84
316,2268,2026-02-16 14:35:00,SMB,481.23
317,2276,2025-11-14 02:45:00,Startup,776.81
318,2285,2026-01-06 13:34:00,SMB,396.07
319,2288,2026-07-24 12:07:00,Startup,1296.43
320,2290,2026-08-29 05:34:00,SMB,400.69
321,2295,2026-03-12 20:16:00,Startup,167.03
322,2307,2026-02-17 13:16:00,Startup,1059.14
323,2308,2026-03-19 20:40:00,Freelancer,161.0
324,2329,2026-06-24 04:56:00,SMB,375.63
325,2338,2025-11-13 15:42:00,Startup,557.54
326,2339,2026-02-17 01:24:00,SMB,311.73
327,2347,2025-11-05 20:29:00,Startup,933.43
328,2349,2026-08-20 21:15:00,Startup,593.22
329,2357,2026-03-24 06:41:00,Startup,453.4
330,2380,2025-11-27 04:28:00,SMB,389.03
331,2382,2026-03-01 14:17:00,SMB,629.92
332,2391,2026-05-02 08:08:00,Startup,848.65
333,2411,2025-11-29 20:52:00,SMB,398.43
334,2422,2025-11-12 04:03:00,SMB,395.2
335,2431,2026-07-16 17:39:00,SMB,694.95
336,2434,2026-01-19 21:16:00,SMB,188.13
337,2468,2026-05-05 14:56:00,SMB,612.71
338,2483,2026-05-12 09:30:00,SMB,415.24
339,2507,2026-01-06 02:43:00,Startup,1010.48
340,2515,2026-05-01 14:50:00,Startup,696.06
341,2522,2026-08-12 21:39:00,Freelancer,341.81
342,2524,2025-11-17 05:19:00,SMB,2335.85
343,2525,2026-03-27 01:52:00,SMB,461.94
344,2532,2026-05-03 06:12:00,SMB,536.98
345,2538,2026-04-14 20:02:00,Startup,758.04
346,2548,2026-08-28 23:56:00,Startup,644.98
347,2558,2026-03-05 22:06:00,SMB,143.67
348,2559,2025-12-11 08:46:00,Startup,1316.66
349,2566,2026-01-04 18:55:00,SMB,391.94
350,2576,2026-03-21 09:22:00,SMB,322.03
351,2589,2026-05-20 05:32:00,SMB,294.69
352,2592,2025-11-28 07:06:00,SMB,382.77
353,2605,2026-01-07 01:30:00,SMB,667.73
354,2607,2026-09-20 05:58:00,SMB,385.91
355,2608,2026-06-11 02:59:00,SMB,260.98
356,2634,2026-04-12 04:40:00,SMB,547.9
357,2636,2026-06-03 03:13:00,SMB,203.05
358,2654,2025-12-18 19:43:00,SMB,309.69
359,2656,2026-09-30 18:02:00,Freelancer,338.38
360,2676,2026-05-12 06:40:00,SMB,667.45
361,2681,2026-03-20 12:01:00,Freelancer,300.95
362,2694,2026-01-02 09:24:00,Freelancer,279.58
363,2710,2026-02-10 19:32:00,Startup,624.21
364,2723,2026-09-12 16:54:00,Freelancer,210.88
365,2732,2026-03-02 04:48:00,Freelancer,425.33
366,2748,2026-03-03 00:16:00,SMB,511.31
367,2749,2026-04-17 14:28:00,SMB,902.6
368,2758,2026-01-05 17:10:00,SMB,257.1
369,2760,2026-05-22 15:09:00,Freelancer,264.55
370,2762,2025-10-16 23:12:00,Startup,209.72
371,2765,2026-03-24 03:53:00,Freelancer,344.72
372,2769,2026-06-06 09:45:00,Startup,609.75
373,2771,2026-01-05 08:37:00,SMB,814.3
374,2788,2025-10-21 21:50:00,SMB,225.58
375,2790,2026-05-12 15:05:00,Startup,446.74
376,2791,2025-12-13 10:41:00,Freelancer,415.13
377,2794,2025-11-16 21:41:00,SMB,638.09
378,2795,2026-08-15 23:15:00,Startup,578.45
379,2797,2026-02-28 07:17:00,Freelancer,143.15
380,2805,2025-12-19 18:46:00,SMB,532.28
381,2814,2026-07-02 17:08:00,Startup,740.34
382,2821,2026-03-17 17:49:00,SMB,534.87
383,2835,2026-02-22 20:24:00,Startup,695.31
384,2841,2026-06-01 01:53:00,SMB,246.6
385,2845,2026-06-01 16:13:00,Startup,642.68
386,2849,2025-11-27 17:34:00,Freelancer,169.04
387,2852,2026-03-13 08:18:00,Freelancer,201.52
388,2856,2026-09-27 13:08:00,SMB,486.53
389,2861,2026-01-20 00:17:00,Startup,1009.89
390,2862,2026-02-14 18:22:00,SMB,419.43
391,2879,2026-09-03 20:06:00,SMB,368.03
392,2880,2026-04-09 17:42:00,SMB,654.06
393,2889,2026-07-11 01:06:00,SMB,861.53
394,2892,2026-05-20 11:06:00,Freelancer,246.35
395,2905,2026-04-04 09:03:00,Freelancer,213.93
396,2929,2026-08-07 10:30:00,SMB,401.73
397,2936,2026-03-27 09:37:00,Freelancer,323.64
398,2937,2026-08-04 03:55:00,SMB,198.24
399,2942,2026-08-12 04:03:00,SMB,431.85
400,2943,2026-06-12 04:00:00,Startup,715.66
401,2956,2026-08-14 22:09:00,SMB,624.58
402,2960,2026-08-11 03:35:00,Startup,472.54
403,2961,2025-12-20 07:32:00,SMB,342.72
404,2975,2026-08-11 22:33:00,Startup,320.22
405,2982,2026-09-03 15:01:00,Startup,575.13
406,2986,2026-08-09 15:11:00,Startup,994.15
407,2988,2025-12-19 03:15:00,SMB,396.32
408,2993,2025-12-31 04:15:00,Freelancer,150.18
409,2996,2025-11-19 06:01:00,SMB,224.25
410,3005,2026-08-21 05:17:00,Startup,891.62
411,3010,2026-01-28 07:31:00,Freelancer,224.07
412,3012,2025-12-21 11:32:00,SMB,607.38
413,3014,2025-10-29 17:01:00,Freelancer,279.85
414,3039,2026-03-22 23:27:00,SMB,996.44
415,3043,2026-05-27 15:37:00,Startup,536.46
416,3045,2026-04-07 18:52:00,SMB,434.47
417,3046,2026-07-25 01:56:00,SMB,509.14
418,3049,2025-12-14 17:45:00,Startup,1026.65
419,3058,2026-02-17 00:39:00,SMB,324.43
420,3059,2025-12-31 22:02:00,SMB,531.61
421,3064,2026-08-22 06:38:00,Freelancer,230.17
422,3069,2026-07-09 16:12:00,Startup,753.97
423,3070,2026-06-30 08:39:00,SMB,699.02
424,3082,2026-08-08 14:11:00,Startup,479.77
425,3083,2026-05-12 21:29:00,SMB,320.34
426,3089,2026-04-20 14:46:00,SMB,297.05
427,3093,2026-07-12 00:52:00,Freelancer,202.9
428,3104,2025-11-28 11:46:00,SMB,590.24
429,3116,2026-05-27 09:01:00,SMB,188.46
430,3123,2026-06-03 19:13:00,SMB,571.86
431,3130,2026-04-17 18:48:00,Startup,970.97
432,3131,2026-05-13 16:38:00,SMB,310.31
433,3132,2026-03-04 19:00:00,SMB,774.75
434,3140,2026-05-28 12:19:00,Startup,307.47
435,3143,2026-01-14 16:01:00,SMB,554.08
436,3149,2026-05-26 10:20:00,SMB,294.07
437,3150,2026-07-28 00:32:00,SMB,374.88
438,3152,2026-04-13 01:35:00,Startup,1217.55
439,3154,2026-08-29 11:32:00,SMB,539.53
440,3161,2026-05-28 16:42:00,Freelancer,173.1
441,3171,2026-02-08 09:43:00,Startup,719.81
442,3174,2025-12-07 22:21:00,Freelancer,357.95
443,3178,2026-05-01 09:41:00,Startup,276.51
444,3182,2026-05-21 05:20:00,Startup,322.98
445,3188,2026-08-16 01:17:00,Freelancer,227.92
446,3194,2026-09-09 13:53:00,SMB,282.81
447,3198,2026-06-10 00:38:00,Startup,745.71
448,3201,2026-01-08 01:29:00,Startup,731.22
449,3210,2026-02-27 08:14:00,Startup,1281.38
450,3224,2026-08-21 23:33:00,Freelancer,334.74
451,3226,2025-11-03 08:48:00,Startup,578.93
452,3229,2026-05-24 17:35:00,Startup,222.99
453,3237,2026-02-05 18:47:00,SMB,782.67
454,3240,2025-11-15 08:10:00,Startup,998.82
455,3241,2026-03-09 08:43:00,Freelancer,262.67
456,3250,2026-01-17 02:29:00,SMB,335.53
457,3251,2025-11-28 05:46:00,SMB,478.95
458,3254,2026-06-25 17:50:00,Startup,533.65
459,3259,2025-10-24 07:43:00,Startup,408.04
460,3262,2026-05-16 11:44:00,Startup,498.78
461,3264,2026-04-03 19:21:00,Startup,567.83
462,3272,2026-09-05 12:24:00,Freelancer,201.79
463,3274,2026-04-24 14:21:00,SMB,344.0
464,3277,2026-01-17 04:01:00,Startup,1127.99
465,3282,2026-03-12 06:24:00,Freelancer,431.02
466,3283,2026-02-03 17:56:00,Startup,1019.2
467,3324,2026-03-10 22:12:00,SMB,501.22
468,3331,2025-12-16 14:36:00,SMB,666.46
469,3339,2025-10-31 19:35:00,SMB,455.93
470,3343,2025-11-20 01:16:00,Startup,493.4
471,3348,2026-04-15 13:13:00,Startup,802.61
472,3350,2026-08-04 11:25:00,Startup,854.51
473,3359,2026-01-10 07:01:00,Startup,825.94
474,3360,2026-08-30 13:05:00,SMB,364.34
475,3361,2025-11-08 12:39:00,SMB,401.33
476,3365,2026-07-18 05:52:00,SMB,181.4
477,3374,2026-03-01 12:41:00,SMB,427.48
478,3377,2026-09-21 04:24:00,SMB,215.57
479,3383,2026-04-03 00:59:00,Startup,651.54
480,3388,2026-08-11 09:42:00,SMB,307.67
481,3397,2026-09-11 06:55:00,SMB,451.11
482,3402,2026-09-03 10:42:00,Freelancer,211.37
483,3405,2026-01-28 07:21:00,SMB,373.98
484,3408,2026-04-15 23:37:00,Startup,554.0
485,3429,2026-05-15 09:28:00,SMB,466.07
486,3432,2026-03-25 16:03:00,Freelancer,189.54
487,3433,2026-03-11 11:24:00,Startup,195.8
488,3446,2026-07-24 02:11:00,SMB,716.29
489,3462,2026-04-30 01:40:00,SMB,364.65
490,3465,2026-08-31 04:44:00,SMB,849.71
491,3467,2026-07-05 09:53:00,Startup,466.82
492,3471,2026-09-02 10:30:00,Startup,486.12
493,3472,2026-03-14 05:36:00,SMB,551.87
494,3473,2026-04-19 00:23:00,Startup,895.72
495,3475,2025-11-11 00:02:00,SMB,194.1
496,3479,2026-05-21 01:58:00,SMB,360.23
497,3486,2025-12-30 11:45:00,Startup,431.86
498,3495,2025-12-12 19:16:00,Startup,1089.56
499,3503,2026-05-09 00:39:00,SMB,510.4
500,3510,2025-12-12 07:31:00,SMB,320.45
501,3518,2025-12-22 00:12:00,SMB,368.16
502,3523,2026-02-21 00:34:00,Freelancer,320.79
503,3533,2026-09-26 15:55:00,Startup,607.52
504,3548,2025-12-21 14:13:00,Startup,511.57
505,3552,2025-12-21 17:17:00,SMB,246.4
506,3555,2026-09-26 20:29:00,Startup,581.66
507,3575,2026-07-22 21:55:00,Startup,364.61
508,3576,2026-04-09 15:32:00,SMB,626.67
509,3580,2026-04-16 19:44:00,SMB,361.54
510,3594,2025-12-03 08:36:00,SMB,673.82
511,3595,2026-09-01 04:47:00,Startup,458.41
512,3614,2025-12-27 02:41:00,SMB,322.29
513,3616,2026-06-13 19:01:00,Startup,191.96
514,3620,2026-07-11 05:26:00,SMB,316.53
515,3622,2026-06-24 22:17:00,SMB,192.39
516,3628,2026-08-22 16:14:00,Freelancer,354.46
517,3630,2026-05-01 17:09:00,SMB,650.72
518,3631,2025-11-03 18:13:00,Freelancer,177.38
519,3638,2026-05-27 19:45:00,SMB,456.43
520,3649,2026-03-25 15:45:00,SMB,247.83
521,3651,2026-07-16 02:35:00,Startup,724.04
522,3658,2026-02-08 07:33:00,Freelancer,246.07
523,3666,2025-12-16 11:20:00,Startup,685.24
524,3668,2026-04-23 01:00:00,Startup,930.8
525,3677,2026-02-08 02:55:00,Freelancer,502.7
526,3682,2025-10-27 09:42:00,SMB,445.13
527,3687,2026-03-13 23:12:00,Freelancer,261.11
528,3709,2026-09-21 03:16:00,SMB,648.3
529,3716,2026-05-31 22:23:00,Startup,1598.87
530,3730,2026-02-09 12:40:00,SMB,403.3
531,3736,2026-01-24 14:09:00,Startup,863.24
532,3741,2026-09-17 22:43:00,SMB,558.49
533,3744,2026-04-23 16:24:00,Startup,960.84
534,3756,2025-11-08 13:19:00,SMB,330.78
535,3760,2026-09-28 08:21:00,Freelancer,753.5
536,3770,2026-02-16 06:10:00,SMB,575.06
537,3776,2026-07-10 14:01:00,SMB,232.29
538,3777,2025-12-22 07:15:00,Startup,596.8
539,3783,2026-08-12 22:04:00,Startup,423.65
540,3784,2026-05-08 17:37:00,SMB,864.92
541,3793,2026-08-09 13:02:00,SMB,204.13
542,3794,2026-07-27 00:05:00,SMB,452.2
543,3796,2025-10-29 12:10:00,SMB,612.76
544,3799,2026-05-07 05:43:00,SMB,816.96
545,3803,2025-11-17 23:57:00,SMB,271.73
546,3805,2026-06-27 04:56:00,Startup,707.52
547,3808,2026-03-14 22:11:00,Freelancer,496.28
548,3810,2026-09-25 13:48:00,Startup,394.7
549,3816,2026-04-21 09:45:00,SMB,486.44
550,3824,2026-06-25 01:40:00,SMB,481.4
551,3839,2026-09-14 02:42:00,SMB,263.53
552,3843,2026-04-12 06:29:00,Startup,349.16
553,3856,2026-07-02 04:36:00,SMB,342.66
554,3869,2026-01-06 12:48:00,SMB,469.15
555,3876,2026-02-24 16:25:00,Freelancer,398.32
556,3898,2026-03-23 04:56:00,SMB,272.26
557,3931,2026-06-01 11:14:00,SMB,284.99
558,3933,2026-08-07 22:04:00,Startup,934.84
559,3947,2026-09-12 07:12:00,Startup,699.93
560,3957,2025-11-27 17:19:00,Startup,430.14
561,3959,2026-08-04 16:49:00,SMB,412.3
562,3964,2026-04-19 18:57:00,Freelancer,197.61
563,3965,2026-06-09 19:19:00,SMB,1226.15
564,3971,2026-08-28 09:12:00,SMB,549.0
565,3975,2026-03-14 18:32:00,SMB,143.41
566,3978,2026-07-04 11:34:00,Freelancer,216.71
567,3982,2026-08-09 00:23:00,SMB,504.07
568,3983,2026-04-03 02:31:00,Freelancer,320.54
569,4003,2026-09-20 02:28:00,Freelancer,202.44
570,4004,2026-08-04 13:25:00,Startup,1233.61
571,4009,2026-04-22 08:21:00,SMB,239.35
572,4016,2026-02-20 17:08:00,Freelancer,193.13
573,4018,2026-09-15 23:18:00,Startup,610.52
574,4025,2026-04-29 01:55:00,Startup,725.5
575,4027,2026-04-22 14:27:00,SMB,392.06
576,4035,2026-01-16 16:50:00,SMB,276.97
577,4043,2026-09-20 18:55:00,Startup,1098.05
578,4052,2026-09-07 02:00:00,Startup,427.84
579,4079,2026-04-13 03:20:00,SMB,595.6
580,4080,2026-02-25 02:13:00,Startup,301.43
581,4081,2025-12-24 17:57:00,SMB,370.68
582,4089,2026-01-11 01:12:00,SMB,575.52
583,4090,2026-09-14 00:48:00,Freelancer,150.23
584,4093,2025-12-02 04:41:00,Startup,498.56
585,4095,2026-04-16 12:03:00,SMB,736.96
586,4102,2026-05-04 01:22:00,Freelancer,592.32
587,4110,2026-09-19 23:09:00,SMB,318.28
588,4118,2026-06-14 04:20:00,Startup,971.8
589,4119,2025-12-04 22:05:00,Freelancer,309.09
590,4122,2025-11-10 07:12:00,Freelancer,251.86
591,4134,2026-05-25 09:25:00,Startup,698.29
592,4135,2026-06-07 21:14:00,SMB,470.92
593,4139,2026-05-13 11:08:00,Startup,1087.61
594,4140,2026-09-28 03:49:00,Freelancer,490.12
595,4142,2026-07-02 05:22:00,Freelancer,305.25
596,4152,2026-05-26 00:00:00,Startup,522.78
597,4155,2026-09-05 04:19:00,SMB,472.18
598,4158,2026-08-13 00:24:00,SMB,350.21
599,4171,2026-07-23 21:44:00,SMB,618.77
600,4181,2026-04-25 02:27:00,SMB,364.95
601,4196,2026-06-30 23:40:00,SMB,461.52
602,4197,2026-06-07 21:02:00,Startup,543.58
603,4215,2025-11-21 15:41:00,SMB,495.44
604,4221,2026-06-28 14:02:00,SMB,269.24
605,4228,2026-08-11 02:28:00,SMB,533.54
606,4229,2026-03-17 03:57:00,SMB,553.24
607,4230,2025-12-13 14:44:00,SMB,409.19
608,4242,2026-01-31 12:39:00,Startup,516.93
609,4245,2026-05-31 11:23:00,Freelancer,165.76
610,4252,2025-12-28 05:57:00,Startup,478.51
611,4253,2025-11-06 11:30:00,Freelancer,271.2
612,4256,2026-03-21 16:16:00,Freelancer,187.27
613,4275,2026-04-14 18:14:00,Startup,447.09
614,4276,2026-02-09 08:27:00,Startup,392.11
615,4278,2026-04-03 00:45:00,SMB,346.45
616,4280,2026-02-23 10:12:00,Startup,663.04
617,4300,2026-06-05 07:25:00,Startup,644.9
618,4301,2026-08-17 15:50:00,SMB,418.88
619,4304,2025-10-29 14:47:00,SMB,173.33
620,4306,2026-05-10 07:52:00,SMB,492.54
621,4324,2026-06-30 18:32:00,SMB,621.0
622,4329,2025-11-05 18:14:00,Startup,518.31
623,4334,2026-03-16 15:43:00,SMB,422.22
624,4347,2026-06-13 14:33:00,SMB,294.08
625,4354,2026-06-15 04:15:00,SMB,324.3
626,4356,2026-09-21 08:23:00,Startup,474.32
627,4362,2026-04-18 17:53:00,SMB,426.32
628,4364,2025-11-17 13:27:00,SMB,390.73
629,4370,2026-08-17 16:03:00,Freelancer,293.71
630,4371,2026-06-22 20:27:00,Startup,441.17
631,4382,2026-05-25 18:32:00,Startup,593.09
632,4383,2026-09-09 13:23:00,SMB,432.19
633,4400,2026-07-27 00:07:00,SMB,505.38
634,4403,2026-03-16 04:13:00,Startup,810.1
635,4409,2026-07-14 07:13:00,SMB,531.37
636,4415,2026-05-13 20:01:00,Startup,1126.79
637,4419,2026-08-10 11:24:00,Startup,886.55
638,4428,2026-01-16 20:57:00,Startup,1286.04
639,4432,2025-12-03 17:59:00,SMB,535.84
640,4443,2026-02-04 17:10:00,SMB,623.23
641,4448,2026-03-30 16:27:00,SMB,427.56
642,4455,2026-06-06 05:08:00,Startup,450.91
643,4468,2026-07-20 13:39:00,SMB,334.92
644,4470,2026-08-26 22:42:00,Startup,919.11
645,4472,2026-04-28 14:53:00,Startup,222.09
646,4475,2026-01-28 20:28:00,Startup,901.22
647,4490,2025-11-30 10:17:00,Startup,485.69
648,4492,2026-08-16 10:22:00,SMB,556.29
649,4493,2026-09-18 14:53:00,SMB,236.3
650,4500,2026-08-10 01:28:00,Freelancer,358.85
651,4506,2026-02-21 00:36:00,SMB,192.76
652,4510,2026-08-01 09:54:00,Freelancer,323.32
653,4516,2026-01-09 15:09:00,SMB,312.4
654,4527,2026-02-03 20:42:00,Startup,769.81
655,4530,2026-08-30 04:13:00,SMB,434.9
656,4543,2026-01-11 03:59:00,Freelancer,157.02
657,4546,2026-06-07 10:43:00,SMB,383.81
658,4547,2025-12-22 12:37:00,Freelancer,182.72
659,4551,2026-02-22 16:02:00,SMB,636.02
660,4557,2026-06-05 04:01:00,Startup,672.48
661,4560,2026-05-15 18:05:00,Startup,675.1
662,4561,2026-01-08 14:19:00,Startup,1154.05
663,4591,2026-04-05 11:55:00,SMB,300.88
664,4605,2026-03-29 23:22:00,Startup,788.35
665,4622,2026-06-27 02:37:00,Startup,602.29
666,4628,2026-03-25 01:33:00,SMB,324.86
667,4640,2025-12-25 08:26:00,Startup,610.08
668,4645,2026-03-21 23:46:00,Freelancer,355.4
669,4648,2025-11-23 00:59:00,Freelancer,263.3
670,4673,2026-02-16 02:14:00,Startup,861.69
671,4697,2025-12-04 08:45:00,Startup,741.91
672,4715,2026-08-01 15:40:00,Freelancer,275.67
673,4723,2026-06-22 12:36:00,SMB,419.67
674,4736,2025-12-27 23:14:00,Startup,1130.35
675,4740,2026-02-12 17:42:00,Freelancer,391.53
676,4756,2026-08-29 08:31:00,Startup,580.7
677,4764,2025-11-02 12:15:00,SMB,213.18
678,4765,2026-03-06 10:18:00,Freelancer,180.37
679,4777,2026-06-17 00:57:00,SMB,601.7
680,4780,2026-09-19 02:04:00,SMB,351.18
681,4786,2026-04-11 08:24:00,Startup,614.15
682,4790,2026-09-25 18:41:00,SMB,261.72
683,4792,2026-03-12 09:11:00,Freelancer,251.73
684,4798,2025-11-18 03:39:00,Startup,812.32
685,4800,2026-03-02 21:04:00,Startup,592.2
686,4803,2025-11-06 06:05:00,SMB,446.42
687,4809,2026-01-15 20:57:00,Startup,560.08
688,4812,2025-12-28 21:28:00,SMB,705.33
689,4815,2026-06-03 00:13:00,Startup,623.04
690,4823,2026-01-25 01:59:00,Freelancer,154.16
691,4826,2026-01-04 00:45:00,Startup,1241.1
692,4834,2025-12-20 05:15:00,Startup,269.45
693,4835,2025-11-05 11:38:00,SMB,221.28
694,4838,2026-01-25 16:44:00,SMB,366.69
695,4839,2025-12-04 22:16:00,SMB,454.86
696,4842,2026-07-28 16:41:00,Startup,350.77
697,4846,2026-03-12 20:48:00,SMB,391.66
698,4847,2025-12-27 11:24:00,Startup,510.14
699,4870,2026-08-09 00:38:00,SMB,457.61
700,4875,2026-02-24 16:12:00,Freelancer,239.81
701,4885,2026-04-22 21:26:00,Startup,526.57
702,4933,2026-01-21 01:22:00,Startup,631.03
703,4946,2025-11-15 22:16:00,SMB,210.42
704,4947,2026-02-22 18:47:00,Startup,463.29
705,4958,2026-05-03 06:52:00,SMB,299.0
706,4960,2026-01-27 10:29:00,Startup,687.44
707,4972,2026-03-19 01:57:00,Freelancer,433.82
708,4974,2026-04-18 05:29:00,SMB,239.62
709,4982,2026-03-31 22:11:00,Freelancer,215.42
710,4988,2026-05-07 02:21:00,SMB,271.09
711,4991,2026-03-27 14:19:00,SMB,491.76
712,4992,2026-03-02 15:15:00,Startup,407.07
713,4996,2026-07-28 01:17:00,Startup,625.05
714,4999,2026-08-27 13:29:00,SMB,383.31
